<wpml-config>
    <admin-texts>
        <key name="listable_options">
            <key name="footer_copyright"/>
        </key>
        <key name="listable_permalinks_settings">
            <key name="listing_base"/>
            <key name="category_base"/>
            <key name="tag_base"/>
        </key>
        <key name="widget_front_page_listing_categories">
            <key name="2">
                <key name="title" />
                <key name="subtitle" />
                <key name="number_of_items"/>
                <key name="categories_slug" />
                <key name="orderby" />
            </key>
        </key>
        <key name="widget_front_page_listing_cards">
            <key name="2">
                <key name="title" />
                <key name="subtitle" />
                <key name="number_of_items" />
                <key name="items_ids" />
                <key name="categories_slug" />
                <key name="show" />
                <key name="orderby" />
            </key>
        </key>
        <key name="widget_front_page_spotlights">
            <key name="3">
                <key name="widget_title" />
                <key name="widget_subtitle" />
                <key name="spotlights_value" />
            </key>
        </key>
        <key name="widget_front_page_recent_posts">
            <key name="2">
                <key name="title" />
                <key name="subtitle" />
                <key name="number_of_items" />
            </key>
        </key>
    </admin-texts>
</wpml-config>
